channel,current_spend,recommended_spend,delta
google,40.26370860927152,40800000.0,40799959.73629139
kakao,27.030066225165562,28800000.0,28799972.969933774
naver,36.62662251655629,22025550.098969214,22025513.472346697
meta,30.448079470198675,18310061.198930103,18310030.750850633
toss,16.736225165562914,10064388.702100676,10064371.96587551
