channel,spend,leads,contracts,premium,campaign,roi
google,6079.88,2397,103,162437.84,-,26.71727731468384
kakao,4081.56,1811,61,73647.15,-,18.043872930938168
meta,4597.59,1955,64,87813.95,-,19.099995867400093
naver,5530.65,2150,87,126857.15,-,22.937114082431542
toss,2527.23,1169,29,31032.829999999998,-,12.279384939241778
