channel,roi_mean,rr_mean,pps_mean,spend,leads,contracts,premium
google,31.572722547707006,0.06800166875260742,1177.6470552147239,6079.82,2397,163,191956.47
kakao,27.321746203638824,0.06184428492545555,995.6678571428572,4081.54,1811,112,111514.8
meta,26.033810677605565,0.05421994884910486,1129.1944339622642,4597.66,1955,106,119694.61
naver,29.0285212146197,0.06186046511627907,1207.1106766917294,5530.62,2150,133,160545.72
toss,21.259630337492133,0.05303678357570573,866.5596774193548,2527.17,1169,62,53726.7
