{
  "model_version": "v20260302_001357",
  "channel_params": {
    "구글": {
      "decay": 0.8,
      "ec50": 968095.1538305997,
      "hill": 1.0,
      "alpha_lead": 669.8,
      "rate_attempt_per_lead": 0.8012979302720741,
      "rate_connected_per_attempt": 0.36856493191282796,
      "rate_contract_per_connected": 0.2427561347566893,
      "lq_logit_base_attempt": 1.3944262599686967,
      "lq_logit_base_connected": -0.538378212677442,
      "lq_logit_base_contract": -1.1376279697477985,
      "lq_rho": 0.0,
      "lq_beta_log1p_spend": 0.0033724077746549504,
      "lq_sigma": 0.07660131922905655,
      "lq_last_state": -0.031215397444226484,
      "w_lead_to_attempt": "[0.5019607840617608, 0.2509803920308804, 0.1254901960154402, 0.0627450980077201, 0.03137254900386005, 0.015686274501930025, 0.007843137250965013, 0.003921568625482506]",
      "w_connected_to_contract": "[0.5000152590047228, 0.2500076295023614, 0.1250038147511807, 0.06250190737559035, 0.03125095368779517, 0.015625476843897586, 0.007812738421948793, 0.003906369210974397, 0.0019531846054871983, 0.0009765923027435992, 0.0004882961513717996, 0.0002441480756858998, 0.0001220740378429499, 6.103701892147495e-05, 3.0518509460737474e-05]"
    },
    "네이버": {
      "decay": 0.8,
      "ec50": 367227.83883011976,
      "hill": 1.0,
      "alpha_lead": 211.9,
      "rate_attempt_per_lead": 0.7620636721617834,
      "rate_connected_per_attempt": 0.3039936941671046,
      "rate_contract_per_connected": 0.18496110630942092,
      "lq_logit_base_attempt": 1.1640270036758085,
      "lq_logit_base_connected": -0.828351762078393,
      "lq_logit_base_contract": -1.483090267611606,
      "lq_rho": 0.017761221014965207,
      "lq_beta_log1p_spend": -0.04203460400703235,
      "lq_sigma": 0.17876274834293254,
      "lq_last_state": 0.07763270723304087,
      "w_lead_to_attempt": "[0.5019607840617608, 0.2509803920308804, 0.1254901960154402, 0.0627450980077201, 0.03137254900386005, 0.015686274501930025, 0.007843137250965013, 0.003921568625482506]",
      "w_connected_to_contract": "[0.5000152590047228, 0.2500076295023614, 0.1250038147511807, 0.06250190737559035, 0.03125095368779517, 0.015625476843897586, 0.007812738421948793, 0.003906369210974397, 0.0019531846054871983, 0.0009765923027435992, 0.0004882961513717996, 0.0002441480756858998, 0.0001220740378429499, 6.103701892147495e-05, 3.0518509460737474e-05]"
    },
    "메타": {
      "decay": 0.8,
      "ec50": 1061020.2922159922,
      "hill": 1.0,
      "alpha_lead": 604.8,
      "rate_attempt_per_lead": 0.7698114117590314,
      "rate_connected_per_attempt": 0.33200714263337616,
      "rate_contract_per_connected": 0.20541611624834874,
      "lq_logit_base_attempt": 1.2072466432339772,
      "lq_logit_base_connected": -0.6991209982735265,
      "lq_logit_base_contract": -1.3527808037954447,
      "lq_rho": 0.0,
      "lq_beta_log1p_spend": 0.16990877477628114,
      "lq_sigma": 0.09914058972908192,
      "lq_last_state": 0.007941817522708186,
      "w_lead_to_attempt": "[0.5019607840617608, 0.2509803920308804, 0.1254901960154402, 0.0627450980077201, 0.03137254900386005, 0.015686274501930025, 0.007843137250965013, 0.003921568625482506]",
      "w_connected_to_contract": "[0.5000152590047228, 0.2500076295023614, 0.1250038147511807, 0.06250190737559035, 0.03125095368779517, 0.015625476843897586, 0.007812738421948793, 0.003906369210974397, 0.0019531846054871983, 0.0009765923027435992, 0.0004882961513717996, 0.0002441480756858998, 0.0001220740378429499, 6.103701892147495e-05, 3.0518509460737474e-05]"
    },
    "카카오": {
      "decay": 0.8,
      "ec50": 620574.1025320913,
      "hill": 1.0,
      "alpha_lead": 456.20000000000005,
      "rate_attempt_per_lead": 0.7784230377776448,
      "rate_connected_per_attempt": 0.3369097061990463,
      "rate_contract_per_connected": 0.21173382034014382,
      "lq_logit_base_attempt": 1.2565001383782581,
      "lq_logit_base_connected": -0.6770962103337679,
      "lq_logit_base_contract": -1.314505902908402,
      "lq_rho": 0.0,
      "lq_beta_log1p_spend": -0.16171780482062034,
      "lq_sigma": 0.08561895216923776,
      "lq_last_state": 0.051985433925956,
      "w_lead_to_attempt": "[0.5019607840617608, 0.2509803920308804, 0.1254901960154402, 0.0627450980077201, 0.03137254900386005, 0.015686274501930025, 0.007843137250965013, 0.003921568625482506]",
      "w_connected_to_contract": "[0.5000152590047228, 0.2500076295023614, 0.1250038147511807, 0.06250190737559035, 0.03125095368779517, 0.015625476843897586, 0.007812738421948793, 0.003906369210974397, 0.0019531846054871983, 0.0009765923027435992, 0.0004882961513717996, 0.0002441480756858998, 0.0001220740378429499, 6.103701892147495e-05, 3.0518509460737474e-05]"
    },
    "쿠팡": {
      "decay": 0.8,
      "ec50": 336022.3351705771,
      "hill": 1.0,
      "alpha_lead": 79.80000000000001,
      "rate_attempt_per_lead": 0.7116060961313013,
      "rate_connected_per_attempt": 0.27924217462932455,
      "rate_contract_per_connected": 0.1710914454277286,
      "lq_logit_base_attempt": 0.9031972551271356,
      "lq_logit_base_connected": -0.9482237789771641,
      "lq_logit_base_contract": -1.5779116587873263,
      "lq_rho": 0.029136800631758716,
      "lq_beta_log1p_spend": -0.17585930734580854,
      "lq_sigma": 0.4570415680304342,
      "lq_last_state": -0.04556618552071984,
      "w_lead_to_attempt": "[0.5019607840617608, 0.2509803920308804, 0.1254901960154402, 0.0627450980077201, 0.03137254900386005, 0.015686274501930025, 0.007843137250965013, 0.003921568625482506]",
      "w_connected_to_contract": "[0.5000152590047228, 0.2500076295023614, 0.1250038147511807, 0.06250190737559035, 0.03125095368779517, 0.015625476843897586, 0.007812738421948793, 0.003906369210974397, 0.0019531846054871983, 0.0009765923027435992, 0.0004882961513717996, 0.0002441480756858998, 0.0001220740378429499, 6.103701892147495e-05, 3.0518509460737474e-05]"
    },
    "토스": {
      "decay": 0.8,
      "ec50": 318000.3007732013,
      "hill": 1.0,
      "alpha_lead": 114.80000000000001,
      "rate_attempt_per_lead": 0.7353210409310841,
      "rate_connected_per_attempt": 0.3090876756179975,
      "rate_contract_per_connected": 0.19907940161104717,
      "lq_logit_base_attempt": 1.0217895778848456,
      "lq_logit_base_connected": -0.8043879569764106,
      "lq_logit_base_contract": -1.3920580658366408,
      "lq_rho": 0.0,
      "lq_beta_log1p_spend": 0.044840682488873726,
      "lq_sigma": 0.26536973156420623,
      "lq_last_state": -0.12588733164012897,
      "w_lead_to_attempt": "[0.5019607840617608, 0.2509803920308804, 0.1254901960154402, 0.0627450980077201, 0.03137254900386005, 0.015686274501930025, 0.007843137250965013, 0.003921568625482506]",
      "w_connected_to_contract": "[0.5000152590047228, 0.2500076295023614, 0.1250038147511807, 0.06250190737559035, 0.03125095368779517, 0.015625476843897586, 0.007812738421948793, 0.003906369210974397, 0.0019531846054871983, 0.0009765923027435992, 0.0004882961513717996, 0.0002441480756858998, 0.0001220740378429499, 6.103701892147495e-05, 3.0518509460737474e-05]"
    }
  },
  "globals": {
    "mu_log_premium_per_contract": 13.77488190740908,
    "sigma_log_premium_per_contract": 0.2120205333786882,
    "gamma_ppc_lq": 0.0027707115041706075,
    "lq_clip_low": -1.1373883004930558,
    "lq_clip_high": 0.420358349001634,
    "lq_alpha_rate": 0.5
  },
  "backend": "REFERENCE",
  "method": "VI"
}