{
  "premium": {
    "wape": 0.7019447732299021,
    "mae": 82879182.53023568,
    "rmse": 90560710.27285951
  },
  "coverage": {
    "p10_p90": 0.1,
    "p05_p95": 0.1111111111111111
  },
  "ra_premium": {
    "lambda": 0.8,
    "pred_mean": 3194079066.7537284,
    "pred_std": 54662386.05942389,
    "pred_ra": 2858945436.7022996
  }
}