period,actual_spend,actual_premium,pred_premium_on_actual_plan,pred_premium_on_opt_plan
2026-01,382016238.00078726,3498555172.475711,3381989441.3788395,3343435679.358413
2026-02,363213125.6089292,3178888847.1346817,2779908511.2301025,2784540863.042844
2026-03,414145644.57181466,3948928185.4265785,3117878246.859961,3087174286.9740734
